,,,t,theta (rad),θ,frame
,,,0.00E+00,0.2225675278,-1.28E+01,6.50E+03
,,,1.70E+01,0.1731010047,-9.92E+00,8.54E+03
,,,3.40E+01,0.135035845,-7.74E+00,1.06E+04
,,,5.10E+01,0.105065627,-6.02E+00,1.26E+04
,,,6.67E+01,0.08397827974,-4.81E+00,1.45E+04
,,,9.09E+01,0.05973228795,-3.42E+00,1.74E+04
,,,9.33E+01,0.05730935207,-3.28E+00,1.77E+04
,,,1.09E+02,0.04688865433,-2.69E+00,1.96E+04